id,title,required_skills
1,Ruby Developer,"Ruby, SQL, Problem Solving"
2,Frontend Developer,"JavaScript, HTML/CSS, React, Teamwork"
3,Backend Developer,"Java, SQL, Node.js, Problem Solving"
4,Fullstack Developer,"JavaScript, HTML/CSS, Node.js, Ruby, SQL, Communication"
5,Machine Learning Engineer,"Python, Machine Learning, Adaptability"
6,Cloud Architect,"Cloud Computing, Python, Communication"
7,Data Analyst,"Python, SQL, Machine Learning, Adaptability"
8,Web Developer,"HTML/CSS, JavaScript, Ruby, Teamwork"
9,Python Developer,"Python, SQL, Problem Solving, Self Motivated"
10,JavaScript Developer,"JavaScript, React, Node.js, Self Motivated"
11,Ruby Developer,"Ruby, SQL, Problem Solving"
12,Frontend Developer,"JavaScript, HTML/CSS, React, Teamwork"
13,Backend Developer,"Java, SQL, Node.js, Problem Solving"
14,Fullstack Developer,"JavaScript, HTML/CSS, Node.js, Ruby, SQL, Communication"
15,Machine Learning Engineer,"Python, Machine Learning, Adaptability"
16,Cloud Architect,"Cloud Computing, Python, Communication"
17,Data Analyst,"Python, SQL, Machine Learning, Adaptability"
18,Web Developer,"HTML/CSS, JavaScript, Ruby, Teamwork"
19,Python Developer,"Python, SQL, Problem Solving, Self Motivated"
20,JavaScript Developer,"JavaScript, React, Node.js, Self Motivated"
21,Ruby Developer,"Ruby, SQL, Problem Solving"
22,Frontend Developer,"JavaScript, HTML/CSS, React, Teamwork"
23,Backend Developer,"Java, SQL, Node.js, Problem Solving"
24,Fullstack Developer,"JavaScript, HTML/CSS, Node.js, Ruby, SQL, Communication"
25,Machine Learning Engineer,"Python, Machine Learning, Adaptability"
26,Cloud Architect,"Cloud Computing, Python, Communication"
27,Data Analyst,"Python, SQL, Machine Learning, Adaptability"
28,Web Developer,"HTML/CSS, JavaScript, Ruby, Teamwork"
29,Python Developer,"Python, SQL, Problem Solving, Self Motivated"
30,JavaScript Developer,"JavaScript, React, Node.js, Self Motivated"
31,Ruby Developer,"Ruby, SQL, Problem Solving"
32,Frontend Developer,"JavaScript, HTML/CSS, React, Teamwork"
33,Backend Developer,"Java, SQL, Node.js, Problem Solving"
34,Fullstack Developer,"JavaScript, HTML/CSS, Node.js, Ruby, SQL, Communication"
35,Machine Learning Engineer,"Python, Machine Learning, Adaptability"
36,Cloud Architect,"Cloud Computing, Python, Communication"
37,Data Analyst,"Python, SQL, Machine Learning, Adaptability"
38,Web Developer,"HTML/CSS, JavaScript, Ruby, Teamwork"
39,Python Developer,"Python, SQL, Problem Solving, Self Motivated"
40,JavaScript Developer,"JavaScript, React, Node.js, Self Motivated"
41,Ruby Developer,"Ruby, SQL, Problem Solving"
42,Frontend Developer,"JavaScript, HTML/CSS, React, Teamwork"
43,Backend Developer,"Java, SQL, Node.js, Problem Solving"
44,Fullstack Developer,"JavaScript, HTML/CSS, Node.js, Ruby, SQL, Communication"
45,Machine Learning Engineer,"Python, Machine Learning, Adaptability"
46,Cloud Architect,"Cloud Computing, Python, Communication"
47,Data Analyst,"Python, SQL, Machine Learning, Adaptability"
48,Web Developer,"HTML/CSS, JavaScript, Ruby, Teamwork"
49,Python Developer,"Python, SQL, Problem Solving, Self Motivated"
50,JavaScript Developer,"JavaScript, React, Node.js, Self Motivated"
51,Ruby Developer,"Ruby, SQL, Problem Solving"
52,Frontend Developer,"JavaScript, HTML/CSS, React, Teamwork"
53,Backend Developer,"Java, SQL, Node.js, Problem Solving"
54,Fullstack Developer,"JavaScript, HTML/CSS, Node.js, Ruby, SQL, Communication"
55,Machine Learning Engineer,"Python, Machine Learning, Adaptability"
56,Cloud Architect,"Cloud Computing, Python, Communication"
57,Data Analyst,"Python, SQL, Machine Learning, Adaptability"
58,Web Developer,"HTML/CSS, JavaScript, Ruby, Teamwork"
59,Python Developer,"Python, SQL, Problem Solving, Self Motivated"
60,JavaScript Developer,"JavaScript, React, Node.js, Self Motivated"
61,Ruby Developer,"Ruby, SQL, Problem Solving"
62,Frontend Developer,"JavaScript, HTML/CSS, React, Teamwork"
63,Backend Developer,"Java, SQL, Node.js, Problem Solving"
64,Fullstack Developer,"JavaScript, HTML/CSS, Node.js, Ruby, SQL, Communication"
65,Machine Learning Engineer,"Python, Machine Learning, Adaptability"
66,Cloud Architect,"Cloud Computing, Python, Communication"
67,Data Analyst,"Python, SQL, Machine Learning, Adaptability"
68,Web Developer,"HTML/CSS, JavaScript, Ruby, Teamwork"
69,Python Developer,"Python, SQL, Problem Solving, Self Motivated"
70,JavaScript Developer,"JavaScript, React, Node.js, Self Motivated"
71,Ruby Developer,"Ruby, SQL, Problem Solving"
72,Frontend Developer,"JavaScript, HTML/CSS, React, Teamwork"
73,Backend Developer,"Java, SQL, Node.js, Problem Solving"
74,Fullstack Developer,"JavaScript, HTML/CSS, Node.js, Ruby, SQL, Communication"
75,Machine Learning Engineer,"Python, Machine Learning, Adaptability"
76,Cloud Architect,"Cloud Computing, Python, Communication"
77,Data Analyst,"Python, SQL, Machine Learning, Adaptability"
78,Web Developer,"HTML/CSS, JavaScript, Ruby, Teamwork"
79,Python Developer,"Python, SQL, Problem Solving, Self Motivated"
80,JavaScript Developer,"JavaScript, React, Node.js, Self Motivated"
81,Ruby Developer,"Ruby, SQL, Problem Solving"
82,Frontend Developer,"JavaScript, HTML/CSS, React, Teamwork"
83,Backend Developer,"Java, SQL, Node.js, Problem Solving"
84,Fullstack Developer,"JavaScript, HTML/CSS, Node.js, Ruby, SQL, Communication"
85,Machine Learning Engineer,"Python, Machine Learning, Adaptability"
86,Cloud Architect,"Cloud Computing, Python, Communication"
87,Data Analyst,"Python, SQL, Machine Learning, Adaptability"
88,Web Developer,"HTML/CSS, JavaScript, Ruby, Teamwork"
89,Python Developer,"Python, SQL, Problem Solving, Self Motivated"
90,JavaScript Developer,"JavaScript, React, Node.js, Self Motivated"
91,Ruby Developer,"Ruby, SQL, Problem Solving"
92,Frontend Developer,"JavaScript, HTML/CSS, React, Teamwork"
93,Backend Developer,"Java, SQL, Node.js, Problem Solving"
94,Fullstack Developer,"JavaScript, HTML/CSS, Node.js, Ruby, SQL, Communication"
95,Machine Learning Engineer,"Python, Machine Learning, Adaptability"
96,Cloud Architect,"Cloud Computing, Python, Communication"
97,Data Analyst,"Python, SQL, Machine Learning, Adaptability"
98,Web Developer,"HTML/CSS, JavaScript, Ruby, Teamwork"
99,Python Developer,"Python, SQL, Problem Solving, Self Motivated"
100,Python Developer,"Python, SQL, Problem Solving, Self Motivated"